sensor_id,latitude,longitude,matched_u,matched_v,matched_key,distance_m,status
773869,34.15497,-118.31829,26428271,20857671,0,2.16,MATCHED
767541,34.11621,-118.23799,577421639,382650862,0,10.29,MATCHED
767542,34.11641,-118.23819,17040712,1782812735,0,1.69,MATCHED
717447,34.07248,-118.26772,1613525409,2353109732,0,1.91,MATCHED
717446,34.07142,-118.26572,1613371800,5759331262,0,1.56,MATCHED
717445,34.06913,-118.25932,21063619,191333482,0,0.43,MATCHED
773062,34.05368,-118.23369,268539762,69004190,0,9.01,MATCHED
767620,34.13486,-118.22932,493139643,332160601,0,7.21,MATCHED
737529,34.20264,-118.47352,362708318,26819492,0,2.41,MATCHED
717816,34.15562,-118.4686,269571660,269571563,0,3.85,MATCHED
765604,34.16415,-118.38223,361463277,273607575,0,2.71,MATCHED
767471,34.15691,-118.22469,10652200,361523258,0,0.45,MATCHED
716339,34.07821,-118.28795,1614923457,8074955046,0,0.42,MATCHED
773906,34.1566,-118.30266,7664051915,1233732718,0,0.45,MATCHED
765273,34.18949,-118.47437,293827863,293828095,0,2.88,MATCHED
716331,34.07006,-118.26246,1614923140,857651200,0,0.61,MATCHED
771667,34.07314,-118.23388,21662853,1614923195,0,1.69,MATCHED
716337,34.07732,-118.28186,27390001,353511096,0,0.76,MATCHED
769953,34.20672,-118.19992,15682495,1842004390,0,2.47,MATCHED
769402,34.12095,-118.33911,2351758730,2351758618,0,3.55,MATCHED
769403,34.12073,-118.33928,74671700,1837462644,0,2.08,MATCHED
769819,34.20584,-118.19803,1687054124,316803571,0,3.51,MATCHED
769405,34.12634,-118.34482,74671700,1837462644,0,3.68,MATCHED
716941,34.05767,-118.21435,363477390,326712429,0,4.84,MATCHED
717578,34.15478,-118.27076,364873589,1686591011,0,4.35,MATCHED
716960,34.12121,-118.27164,20820632,20820633,0,0.52,MATCHED
717804,34.09478,-118.47605,338511634,122416956,0,10.73,MATCHED
767572,34.12967,-118.22871,493139640,493139643,0,4.84,MATCHED
767573,34.12964,-118.22901,361523299,1376737820,0,1.59,MATCHED
773012,34.0839,-118.22086,15261772,269598309,0,4.08,MATCHED
773013,34.08374,-118.22076,33717752,29416313,0,11.87,MATCHED
764424,34.17878,-118.39469,361458491,18154009,0,6.14,MATCHED
769388,34.11027,-118.33441,1837462644,8076753689,0,2.71,MATCHED
716328,34.06664,-118.25397,857651200,1613371778,0,1.8,MATCHED
717819,34.18784,-118.47407,293826694,631892092,0,1.71,MATCHED
769941,34.20699,-118.20237,1842004390,1376737825,0,5.52,MATCHED
760987,34.15359,-118.34043,122459534,7668301080,0,0.19,MATCHED
718204,34.15541,-118.29575,1233732679,1686584226,0,0.16,MATCHED
718045,34.06712,-118.23973,806547157,606441164,0,4.56,MATCHED
769418,34.12659,-118.34465,13016893322,2351758770,0,9.11,MATCHED
768066,34.15118,-118.3748,701954220,6354846109,0,1.76,MATCHED
772140,34.16498,-118.47493,305706226,35361216,0,2.38,MATCHED
773927,34.15262,-118.28034,1686584229,912112449,0,1.53,MATCHED
760024,34.1593,-118.46483,269574340,701936723,0,3.99,MATCHED
774012,34.14769,-118.20137,300944078,363839552,0,1.22,MATCHED
774011,34.14747,-118.20123,17589348,300944376,0,1.36,MATCHED
767609,34.18555,-118.21733,19828341,19828348,0,2.1,MATCHED
769359,34.1566,-118.42216,35361239,701940735,0,0.41,MATCHED
760650,34.07505,-118.23256,20400047,38020241,0,0.22,MATCHED
716956,34.10658,-118.25544,1686580866,20189446,0,1.21,MATCHED
769831,34.20663,-118.20101,355765824,1687054124,0,6.49,MATCHED
761604,34.15407,-118.28711,403623346,1831046483,0,2.21,MATCHED
717495,34.15664,-118.41326,701940735,361119398,0,2.23,MATCHED
716554,34.15597,-118.2666,14089534238,13890125,0,1.22,MATCHED
773953,34.15522,-118.29344,1233732679,1686584226,0,2.87,MATCHED
767470,34.15699,-118.22436,361523381,19828340,0,1.47,MATCHED
716955,34.09579,-118.24427,25274550,6872663603,0,0.06,MATCHED
764949,34.12881,-118.34684,13016893322,2351758770,0,2.81,MATCHED
773954,34.15544,-118.29344,338935762,7664051915,0,2.27,MATCHED
767366,34.21216,-118.47341,593060800,362708318,0,1.08,MATCHED
769444,34.15555,-118.43908,370197605,305537117,0,2.11,MATCHED
773939,34.15297,-118.37226,299528406,361468272,0,2.03,MATCHED
774067,34.15362,-118.28441,1377536917,338935592,0,0.48,MATCHED
769443,34.15574,-118.43931,305537102,374409516,0,0.72,MATCHED
767750,34.09335,-118.20635,26187122,1613525416,0,0.43,MATCHED
767751,34.09335,-118.20616,21507076,138283524,0,3.64,MATCHED
767610,34.18555,-118.21766,1832672826,79367034,0,2.58,MATCHED
773880,34.15367,-118.3484,122459534,7668301080,0,1.56,MATCHED
764766,34.13338,-118.3535,35361266,2351743393,0,0.76,MATCHED
717497,34.15685,-118.41456,361119302,361120646,0,1.29,MATCHED
717490,34.14745,-118.37124,6354846118,167930034,0,1.66,MATCHED
717491,34.14761,-118.3711,82481755,701954220,0,2.5,MATCHED
717492,34.15459,-118.37935,361468272,6354846133,0,0.72,MATCHED
717493,34.15434,-118.39618,35361246,6355812958,0,1.51,MATCHED
765176,34.13286,-118.35135,2351758770,2351758627,0,2.59,MATCHED
717498,34.15571,-118.43273,29409683,305537102,0,1.81,MATCHED
717499,34.15666,-118.44808,370197589,370197605,0,0.6,MATCHED
765171,34.16789,-118.46896,305532520,26819502,0,1.72,MATCHED
718064,34.11296,-118.24489,1782812735,1792481492,0,1.22,MATCHED
718066,34.12302,-118.22889,1783926563,17040712,0,1.7,MATCHED
765164,34.07898,-118.28911,349446224,122492547,0,0.24,MATCHED
769431,34.15843,-118.45664,59832561,35363002,0,0.99,MATCHED
769430,34.15818,-118.45658,701936723,370197589,0,1.58,MATCHED
717610,34.17886,-118.39497,362409104,1957285381,0,5.99,MATCHED
767053,34.17091,-118.46775,7118722407,305532520,0,0.53,MATCHED
767621,34.13486,-118.22969,361523299,1376737820,0,1.61,MATCHED
772596,34.17126,-118.50495,1733962057,1733962055,0,2.2,MATCHED
772597,34.17109,-118.50495,305705199,305705841,0,0.64,MATCHED
767350,34.18011,-118.47045,701899548,7118722407,0,1.69,MATCHED
767351,34.18022,-118.47022,35317437,293826694,0,2.82,MATCHED
716571,34.2,-118.40337,361449050,361450999,0,3.57,MATCHED
773023,34.05773,-118.24348,1614922982,1614923029,0,2.07,MATCHED
767585,34.16556,-118.22432,19828340,19828341,0,4.37,MATCHED
773024,34.05759,-118.24357,35361362,319435660,0,2.83,MATCHED
717483,34.11684,-118.33698,2351758719,2351758730,0,0.51,MATCHED
718379,34.14224,-118.27812,298583385,298585645,0,3.34,MATCHED
717481,34.10634,-118.32826,349220787,1836345664,0,1.62,MATCHED
717480,34.10478,-118.32497,35362974,1717816401,0,2.5,MATCHED
717486,34.12974,-118.34809,2351743393,74671700,0,3.42,MATCHED
764120,34.20164,-118.40366,1658558860,1957285395,0,1.64,MATCHED
772151,34.16928,-118.49872,1733962057,1733962055,0,7.28,MATCHED
718371,34.09017,-118.23849,269596401,14995402,0,9.76,MATCHED
717489,34.13876,-118.36438,167930034,269389405,0,6.09,MATCHED
717488,34.13561,-118.36006,338835931,35361266,0,1.6,MATCHED
717818,34.1722,-118.46753,26819499,35317437,0,3.43,MATCHED
718076,34.16339,-118.2253,79367034,10652200,0,4.43,MATCHED
718072,34.1491,-118.2257,598384097,361523277,0,0.42,MATCHED
767455,34.14347,-118.22704,361524115,361523254,0,5.7,MATCHED
767454,34.14352,-118.22733,361523277,361523293,0,0.53,MATCHED
761599,34.14226,-118.27786,77741551,298585779,0,1.31,MATCHED
717099,34.15648,-118.24674,20854038,13890126,0,0.09,MATCHED
773916,34.15247,-118.2852,1686584226,1686584229,0,2.43,MATCHED
716968,34.16588,-118.29809,1884813453,26740008,0,0.32,MATCHED
769467,34.15451,-118.39699,299532356,299534703,0,0.72,MATCHED
717576,34.15559,-118.2957,338935762,7664051915,0,0.86,MATCHED
717573,34.15384,-118.325,20857688,26428271,0,0.58,MATCHED
717572,34.15351,-118.32751,1830204049,340145423,0,0.14,MATCHED
717571,34.15326,-118.35921,6853166455,1833669048,0,5.52,MATCHED
717570,34.15302,-118.35921,1340580299,1855249852,0,1.22,MATCHED
764760,34.13401,-118.35506,2351758627,2351758741,0,1.45,MATCHED
718089,34.12769,-118.27372,20820632,20820633,0,3.0,MATCHED
769847,34.20983,-118.22351,305421514,305416215,0,2.85,MATCHED
717608,34.17154,-118.38812,21703085,29570294,0,4.91,MATCHED
767523,34.11439,-118.24209,14697296,577421639,0,3.14,MATCHED
716942,34.0593,-118.21451,269459338,269459166,0,4.58,MATCHED
718090,34.14847,-118.27969,1884813438,1884813436,0,3.6,MATCHED
769867,34.21846,-118.23931,1931511081,322581612,0,2.64,MATCHED
717472,34.10045,-118.31601,1613371883,2425824150,0,0.04,MATCHED
717473,34.10054,-118.31581,1613580618,2354337200,0,2.54,MATCHED
759591,34.11521,-118.26825,38407085,20189449,0,2.48,MATCHED
764781,34.16037,-118.47012,269574181,6379965221,0,1.52,MATCHED
765099,34.16378,-118.47224,305532687,269577324,0,0.87,MATCHED
762329,34.13904,-118.22862,361524116,361523299,0,2.71,MATCHED
716953,34.09458,-118.24279,14995402,291676550,0,1.89,MATCHED
716951,34.08581,-118.23182,269596436,269596401,0,3.49,MATCHED
767509,34.11059,-118.24819,1619395035,9602171183,0,2.61,MATCHED
765182,34.06491,-118.25126,268644978,365786990,0,0.34,MATCHED
769358,34.15679,-118.42222,361120646,29409683,0,2.27,MATCHED
772513,34.06871,-118.23661,20399963,269444554,0,3.8,MATCHED
716958,34.11167,-118.26501,21478645,20820635,0,5.39,MATCHED
718496,34.15403,-118.34232,20659737,81952272,0,1.76,MATCHED
769346,34.15677,-118.40424,299534703,361119302,0,1.93,MATCHED
773904,34.15641,-118.30266,1956040650,1233732679,0,1.36,MATCHED
718499,34.15469,-118.31253,1233732718,529607866,0,0.73,MATCHED
764853,34.06461,-118.25102,857651200,1613371778,0,0.27,MATCHED
761003,34.15546,-118.30841,20857671,1956040650,0,0.68,MATCHED
717502,34.16521,-118.47484,702979635,702979641,0,0.97,MATCHED
759602,34.12199,-118.27178,21490199,20954460,0,0.9,MATCHED
717504,34.16519,-118.49166,1733962002,305706226,0,3.07,MATCHED
763995,34.21979,-118.40931,306526742,306526677,0,2.04,MATCHED
717508,34.17112,-118.51814,305705196,305705199,0,1.62,MATCHED
765265,34.18529,-118.47395,701899548,7118722407,0,1.15,MATCHED
773996,34.14511,-118.21587,300944078,363839552,0,3.57,MATCHED
773995,34.14483,-118.21587,361524115,17589348,0,3.8,MATCHED
717469,34.0971,-118.31366,408616057,18153986,0,3.15,MATCHED
717468,34.09699,-118.31381,2425824150,2354337157,0,3.08,MATCHED
764106,34.17169,-118.38801,166795424,18154007,0,4.62,MATCHED
717465,34.09373,-118.30907,21569368,408616057,0,2.07,MATCHED
764794,34.16028,-118.46808,269577317,305532687,0,2.21,MATCHED
717466,34.09359,-118.30918,2354337175,2354195323,0,1.79,MATCHED
717461,34.08558,-118.30174,1613487145,24960553,0,2.32,MATCHED
717460,34.08571,-118.30161,349437247,188888821,0,2.93,MATCHED
717463,34.09004,-118.3059,21569368,408616057,0,1.57,MATCHED
717462,34.08993,-118.30607,2354337175,2354195323,0,0.51,MATCHED
769345,34.15655,-118.40441,361119398,35361246,0,4.47,MATCHED
716943,34.05987,-118.21492,363477390,326712429,0,2.87,MATCHED
772669,34.07828,-118.22834,12418403367,13885935,0,1.23,MATCHED
717582,34.15646,-118.26092,1686590990,14089534238,0,3.63,MATCHED
717583,34.15627,-118.25506,383849340,553500027,0,0.49,MATCHED
717580,34.1562,-118.26359,383846660,383849340,0,0.32,MATCHED
716949,34.08406,-118.22974,269596060,269595908,0,0.61,MATCHED
717587,34.15402,-118.23893,553499971,1734644776,0,4.31,MATCHED
772178,34.16903,-118.49885,305705841,1733962002,0,3.36,MATCHED
717585,34.15564,-118.24188,1956040672,553499971,0,0.67,MATCHED
716939,34.04301,-118.21724,15068253,38504569,0,2.02,MATCHED
768469,34.13583,-118.35993,2351758741,2351758744,0,2.3,MATCHED
764101,34.16421,-118.38246,21703087,166914602,0,5.26,MATCHED
767554,34.11966,-118.23143,13596326445,1669532236,0,6.48,MATCHED
773975,34.14584,-118.22251,363839552,363840285,0,3.41,MATCHED
773974,34.14559,-118.22251,361523813,361523841,0,3.3,MATCHED
717510,34.17128,-118.51976,1733961944,305703287,0,2.08,MATCHED
717513,34.17339,-118.5368,295426306,295426636,0,1.52,MATCHED
717825,34.22164,-118.47307,122491482,362826332,0,3.18,MATCHED
767495,34.10377,-118.24992,318306214,295204143,0,1.69,MATCHED
767494,34.10377,-118.24962,6868355261,911820304,0,4.32,MATCHED
717821,34.20112,-118.47361,122520351,122525035,0,0.1,MATCHED
717823,34.20264,-118.47326,362706086,362708680,0,1.1,MATCHED
717458,34.08265,-118.29755,1613487145,24960553,0,2.67,MATCHED
717459,34.08294,-118.29729,349437247,188888821,0,4.71,MATCHED
769926,34.21356,-118.23113,305421106,1842042919,0,1.85,MATCHED
764858,34.1527,-118.3754,1969137119,361468272,0,2.05,MATCHED
717450,34.07488,-118.27362,1614923276,2354150984,0,2.84,MATCHED
717452,34.07502,-118.27356,191333242,2354212127,0,1.58,MATCHED
717453,34.07696,-118.28093,8074955045,2354195312,0,2.54,MATCHED
759772,34.17115,-118.30539,20930309,358218015,0,2.88,MATCHED
717456,34.08102,-118.29325,349446224,2353109811,0,2.13,MATCHED
771673,34.07787,-118.22871,12418403367,13885935,0,6.96,MATCHED
772167,34.16526,-118.47985,305706226,35361216,0,1.46,MATCHED
769372,34.1027,-118.3173,1613580618,2354337200,0,3.89,MATCHED
774204,34.15397,-118.34172,20659737,81952272,0,4.39,MATCHED
769806,34.19638,-118.18442,318269258,318024379,0,9.9,MATCHED
717590,34.14929,-118.23182,361523734,361523726,0,1.18,MATCHED
717592,34.14604,-118.2243,361523787,361523813,0,0.53,MATCHED
717595,34.14163,-118.1829,300944376,300944434,0,3.63,MATCHED
772168,34.16542,-118.47985,702979641,305706186,0,2.59,MATCHED
718141,34.15133,-118.37456,701954220,1969137119,0,7.49,MATCHED
769373,34.10262,-118.31747,1613371895,1613371883,0,4.52,MATCHED
